{"best_train_total_loss": 0.27657467126846313, "best_train_augmentation_total_loss": 0.4485335648059845, "best_train_augmentation_total_loss_unstd": 2121.14453125, "best_train_augmentation_num_loss": 0.4485335648059845, "best_train_augmentation_num_mse_loss": 0.4485335648059845, "best_train_augmentation_num_mse_loss_unstd": 2121.14453125, "best_train_augmentation_num_loss_unstd": 2121.14453125, "best_train_label_total_loss": 0.10461629927158356, "best_train_label_total_loss_unstd": 0.10461629927158356, "best_train_label_cat_loss": 0.10461629927158356, "best_train_label_cat_accuracy": 0.9623115658760071, "best_train_label_auroc": 0, "best_val_total_loss": 0.013897999189794064, "best_val_label_total_loss": 0.027795961126685143, "best_val_label_total_loss_unstd": 0.027795961126685143, "best_val_label_cat_loss": 0.027795961126685143, "best_val_label_cat_accuracy": 0.9824561476707458, "best_val_label_auroc": 0, "best_test_total_loss": 0.02357073314487934, "best_test_label_total_loss": 0.04714140295982361, "best_test_label_total_loss_unstd": 0.04714140295982361, "best_test_label_cat_loss": 0.04714140295982361, "best_test_label_cat_accuracy": 0.9824561476707458, "best_test_label_auroc": 0, "best_tradeoff": 0.499999324425883, "best_step": 75, "best_epoch": 75, "best_lr": 0.001, "best_checkpoint_time": "28.806", "best_time": 482.2996368408203, "train_total_loss": 0.2055700421333313, "train_augmentation_total_loss": 0.34413304924964905, "train_augmentation_total_loss_unstd": 1564.612060546875, "train_augmentation_num_loss": 0.34413304924964905, "train_augmentation_num_mse_loss": 0.34413304924964905, "train_augmentation_num_mse_loss_unstd": 1564.612060546875, "train_augmentation_num_loss_unstd": 1564.612060546875, "train_label_total_loss": 0.06700791418552399, "train_label_total_loss_unstd": 0.06700791418552399, "train_label_cat_loss": 0.06700791418552399, "train_label_cat_accuracy": 0.9824120402336121, "train_label_auroc": 0, "val_total_loss": 0.014788317494094372, "val_label_total_loss": 0.029576539993286133, "val_label_total_loss_unstd": 0.029576539993286133, "val_label_cat_loss": 0.029576539993286133, "val_label_cat_accuracy": 0.9824561476707458, "val_label_auroc": 0, "test_total_loss": 0.030476907268166542, "test_label_total_loss": 0.060953617095947266, "test_label_total_loss_unstd": 0.060953617095947266, "test_label_cat_loss": 0.060953617095947266, "test_label_cat_accuracy": 0.9736841917037964, "test_label_auroc": 0, "tradeoff": 0.49999839668447876, "step": 115, "epoch": 115, "lr": 0.001, "checkpoint_time": "29.783", "_timestamp": 1712106651.639776, "_runtime": 692.1323781013489, "_step": 115}