{"best_train_total_loss": 0.14456795156002045, "best_train_augmentation_total_loss": 0.22609783709049225, "best_train_augmentation_total_loss_unstd": 1164.7225341796875, "best_train_augmentation_num_loss": 0.22609783709049225, "best_train_augmentation_num_mse_loss": 0.22609783709049225, "best_train_augmentation_num_mse_loss_unstd": 1164.7225341796875, "best_train_augmentation_num_loss_unstd": 1164.7225341796875, "best_train_label_total_loss": 0.06304154545068741, "best_train_label_total_loss_unstd": 0.06304154545068741, "best_train_label_cat_loss": 0.06304154545068741, "best_train_label_cat_accuracy": 0.9723618030548096, "best_train_label_auroc": 0.9973242282867432, "best_val_total_loss": 0.006494712084531784, "best_val_label_total_loss": 0.012989146634936333, "best_val_label_total_loss_unstd": 0.012989146634936333, "best_val_label_cat_loss": 0.012989146634936333, "best_val_label_cat_accuracy": 1.0, "best_val_label_auroc": 1.0, "best_test_total_loss": 0.019780684262514114, "best_test_label_total_loss": 0.03956052288413048, "best_test_label_total_loss_unstd": 0.03956052288413048, "best_test_label_cat_loss": 0.03956052288413048, "best_test_label_cat_accuracy": 0.9912280440330505, "best_test_label_auroc": 0.9996724724769592, "best_tradeoff": 0.49998933646173305, "best_step": 295, "best_epoch": 295, "best_lr": 0.001, "best_checkpoint_time": "80.435", "best_time": 2899.709936141968, "train_total_loss": 0.05254516378045082, "train_augmentation_total_loss": 0.08410067856311798, "train_augmentation_total_loss_unstd": 528.0325317382812, "train_augmentation_num_loss": 0.08410067856311798, "train_augmentation_num_mse_loss": 0.08410067856311798, "train_augmentation_num_mse_loss_unstd": 528.0325317382812, "train_augmentation_num_loss_unstd": 528.0325317382812, "train_label_total_loss": 0.021039994433522224, "train_label_total_loss_unstd": 0.021039994433522224, "train_label_cat_loss": 0.021039994433522224, "train_label_cat_accuracy": 0.9949748516082764, "train_label_auroc": 0.9996216297149658, "val_total_loss": 0.07246408611536026, "val_label_total_loss": 0.14481256902217865, "val_label_total_loss_unstd": 0.14481256902217865, "val_label_cat_loss": 0.14481256902217865, "val_label_cat_accuracy": 0.9824561476707458, "val_label_auroc": 0.9973545074462891, "test_total_loss": 0.027871355414390564, "test_label_total_loss": 0.055698245763778687, "test_label_total_loss_unstd": 0.055698245763778687, "test_label_cat_loss": 0.055698245763778687, "test_label_cat_accuracy": 0.9736841917037964, "test_label_auroc": 0.9990172982215881, "tradeoff": 0.49960083129960264, "step": 1800, "epoch": 1800, "lr": 0.001, "checkpoint_time": "31.068", "_timestamp": 1712124489.1339781, "_runtime": 16613.56196808815, "_step": 1800}