{"best_train_total_loss": 0.40373778343200684, "best_train_augmentation_total_loss": 0.41248446702957153, "best_train_augmentation_total_loss_unstd": 0.1238473430275917, "best_train_augmentation_num_loss": 0.41248446702957153, "best_train_augmentation_num_mse_loss": 0.41248446702957153, "best_train_augmentation_num_mse_loss_unstd": 0.1238473430275917, "best_train_augmentation_num_loss_unstd": 0.1238473430275917, "best_train_label_total_loss": 0.394991397857666, "best_train_label_total_loss_unstd": 1.2589823007583618, "best_train_label_num_loss": 0.394991397857666, "best_train_label_num_mse_loss": 0.394991397857666, "best_train_label_num_mse_loss_unstd": 1.2589823007583618, "best_train_label_num_loss_unstd": 1.2589823007583618, "best_val_total_loss": 0.14031800627708435, "best_val_label_total_loss": 0.2806311845779419, "best_val_label_total_loss_unstd": 0.8944743871688843, "best_val_label_num_loss": 0.2806311845779419, "best_val_label_num_mse_loss": 0.2806311845779419, "best_val_label_num_mse_loss_unstd": 0.8944743871688843, "best_val_label_num_loss_unstd": 0.8944743871688843, "best_test_total_loss": 0.13210272789001465, "best_test_label_total_loss": 0.26420092582702637, "best_test_label_total_loss_unstd": 0.8421050906181335, "best_test_label_num_loss": 0.26420092582702637, "best_test_label_num_mse_loss": 0.26420092582702637, "best_test_label_num_mse_loss_unstd": 0.8421050906181335, "best_test_label_num_loss_unstd": 0.8421050906181335, "best_tradeoff": 0.49999140164993394, "best_step": 265, "best_epoch": 265, "best_lr": 0.001, "best_checkpoint_time": "5.660", "best_time": 391.5625810623169, "train_total_loss": 0.40494540333747864, "train_augmentation_total_loss": 0.38678455352783203, "train_augmentation_total_loss_unstd": 0.12630505859851837, "train_augmentation_num_loss": 0.38678455352783203, "train_augmentation_num_mse_loss": 0.38678455352783203, "train_augmentation_num_mse_loss_unstd": 0.12630505859851837, "train_augmentation_num_loss_unstd": 0.12630505859851837, "train_label_total_loss": 0.42214417457580566, "train_label_total_loss_unstd": 1.34552800655365, "train_label_num_loss": 0.42214417457580566, "train_label_num_mse_loss": 0.42214417457580566, "train_label_num_mse_loss_unstd": 1.34552800655365, "train_label_num_loss_unstd": 1.34552800655365, "val_total_loss": 0.20170605182647705, "val_label_total_loss": 0.3927270770072937, "val_label_total_loss_unstd": 1.2517650127410889, "val_label_num_loss": 0.3927270770072937, "val_label_num_mse_loss": 0.3927270770072937, "val_label_num_mse_loss_unstd": 1.2517650127410889, "val_label_num_loss_unstd": 1.2517650127410889, "test_total_loss": 0.1385127156972885, "test_label_total_loss": 0.2696879506111145, "test_label_total_loss_unstd": 0.8595942854881287, "test_label_num_loss": 0.2696879506111145, "test_label_num_mse_loss": 0.2696879506111145, "test_label_num_mse_loss_unstd": 0.8595942854881287, "test_label_num_loss_unstd": 0.8595942854881287, "tradeoff": 0.48639640148359076, "step": 10550, "epoch": 10550, "lr": 0.001, "checkpoint_time": "7.916", "_timestamp": 1713317520.351103, "_runtime": 13414.856398105621, "_step": 10550}