{"best_train_total_loss": 0.4382414221763611, "best_train_augmentation_total_loss": 0.4238608181476593, "best_train_augmentation_total_loss_unstd": 0.13064610958099365, "best_train_augmentation_num_loss": 0.4238608181476593, "best_train_augmentation_num_mse_loss": 0.4238608181476593, "best_train_augmentation_num_mse_loss_unstd": 0.13064610958099365, "best_train_augmentation_num_loss_unstd": 0.13064610958099365, "best_train_label_total_loss": 0.45262202620506287, "best_train_label_total_loss_unstd": 1.4426721334457397, "best_train_label_num_loss": 0.45262202620506287, "best_train_label_num_mse_loss": 0.45262202620506287, "best_train_label_num_mse_loss_unstd": 1.4426721334457397, "best_train_label_num_loss_unstd": 1.4426721334457397, "best_val_total_loss": 0.15492431819438934, "best_val_label_total_loss": 0.3098486065864563, "best_val_label_total_loss_unstd": 0.9876009821891785, "best_val_label_num_loss": 0.3098486065864563, "best_val_label_num_mse_loss": 0.3098486065864563, "best_val_label_num_mse_loss_unstd": 0.9876009821891785, "best_val_label_num_loss_unstd": 0.9876009821891785, "best_test_total_loss": 0.15197835862636566, "best_test_label_total_loss": 0.30395668745040894, "best_test_label_total_loss_unstd": 0.9688212871551514, "best_test_label_num_loss": 0.30395668745040894, "best_test_label_num_mse_loss": 0.30395668745040894, "best_test_label_num_mse_loss_unstd": 0.9688212871551514, "best_test_label_num_loss_unstd": 0.9688212871551514, "best_tradeoff": 0.4999999289388517, "best_step": 25, "best_epoch": 25, "best_lr": 0.001, "best_checkpoint_time": "11.331", "best_time": 67.97721910476685, "train_total_loss": 0.4431198239326477, "train_augmentation_total_loss": 0.42687198519706726, "train_augmentation_total_loss_unstd": 0.1335417777299881, "train_augmentation_num_loss": 0.42687198519706726, "train_augmentation_num_mse_loss": 0.42687198519706726, "train_augmentation_num_mse_loss_unstd": 0.1335417777299881, "train_augmentation_num_loss_unstd": 0.1335417777299881, "train_label_total_loss": 0.459367573261261, "train_label_total_loss_unstd": 1.4641727209091187, "train_label_num_loss": 0.459367573261261, "train_label_num_mse_loss": 0.459367573261261, "train_label_num_mse_loss_unstd": 1.4641727209091187, "train_label_num_loss_unstd": 1.4641727209091187, "val_total_loss": 0.18672312796115875, "val_label_total_loss": 0.373445600271225, "val_label_total_loss_unstd": 1.190307855606079, "val_label_num_loss": 0.373445600271225, "val_label_num_mse_loss": 0.373445600271225, "val_label_num_mse_loss_unstd": 1.190307855606079, "val_label_num_loss_unstd": 1.190307855606079, "test_total_loss": 0.14561551809310913, "test_label_total_loss": 0.29123052954673767, "test_label_total_loss_unstd": 0.9282583594322205, "test_label_num_loss": 0.29123052954673767, "test_label_num_mse_loss": 0.29123052954673767, "test_label_num_mse_loss_unstd": 0.9282583594322205, "test_label_num_loss_unstd": 0.9282583594322205, "tradeoff": 0.499999129501397, "step": 85, "epoch": 85, "lr": 0.001, "checkpoint_time": "14.712", "_timestamp": 1713469695.6598148, "_runtime": 224.92335987091064, "_step": 85, "_wandb": {"runtime": 225}}