{"best_train_total_loss": 0.6245831847190857, "best_train_augmentation_total_loss": 0.8902747631072998, "best_train_augmentation_total_loss_unstd": 13697.0, "best_train_augmentation_num_loss": 0.8902747631072998, "best_train_augmentation_num_mse_loss": 0.8902747631072998, "best_train_augmentation_num_mse_loss_unstd": 13697.0, "best_train_augmentation_num_loss_unstd": 13697.0, "best_train_label_total_loss": 0.3588915765285492, "best_train_label_total_loss_unstd": 0.3588915765285492, "best_train_label_cat_loss": 0.3588915765285492, "best_train_label_cat_accuracy": 0.8819095492362976, "best_train_label_auroc": 0.9827567338943481, "best_val_total_loss": 0.14301002025604248, "best_val_label_total_loss": 0.28602004051208496, "best_val_label_total_loss_unstd": 0.28602004051208496, "best_val_label_cat_loss": 0.28602004051208496, "best_val_label_cat_accuracy": 0.9473684430122375, "best_val_label_auroc": 0.9960317611694336, "best_test_total_loss": 0.15839822590351105, "best_test_label_total_loss": 0.3167964518070221, "best_test_label_total_loss_unstd": 0.3167964518070221, "best_test_label_cat_loss": 0.3167964518070221, "best_test_label_cat_accuracy": 0.9298245906829834, "best_test_label_auroc": 0.9957418441772461, "best_tradeoff": 0.4999999900070256, "best_step": 10, "best_epoch": 10, "best_lr": 0.001, "best_checkpoint_time": "36.021", "best_time": 62.53127098083496, "train_total_loss": 0.7240304350852966, "train_augmentation_total_loss": 0.8666732311248779, "train_augmentation_total_loss_unstd": 15613.4521484375, "train_augmentation_num_loss": 0.8666732311248779, "train_augmentation_num_mse_loss": 0.8666732311248779, "train_augmentation_num_mse_loss_unstd": 15613.4521484375, "train_augmentation_num_loss_unstd": 15613.4521484375, "train_label_total_loss": 0.5813876390457153, "train_label_total_loss_unstd": 0.5813876390457153, "train_label_cat_loss": 0.5813876390457153, "train_label_cat_accuracy": 0.6507537961006165, "train_label_auroc": 0.9860271215438843, "val_total_loss": 0.2755587697029114, "val_label_total_loss": 0.5511175394058228, "val_label_total_loss_unstd": 0.5511175394058228, "val_label_cat_loss": 0.5511175394058228, "val_label_cat_accuracy": 0.6666666865348816, "val_label_auroc": 0.9973545074462891, "test_total_loss": 0.28878262639045715, "test_label_total_loss": 0.5775652527809143, "test_label_total_loss_unstd": 0.5775652527809143, "test_label_cat_loss": 0.5775652527809143, "test_label_cat_accuracy": 0.6315789222717285, "test_label_auroc": 0.9970520734786987, "tradeoff": 0.4999999980260791, "step": 5, "epoch": 5, "lr": 0.001, "checkpoint_time": "26.506", "_timestamp": 1713394273.184937, "_runtime": 31.4960880279541, "_step": 5}