{"best_train_total_loss": 0.3983980417251587, "best_train_augmentation_total_loss": 0.3958553671836853, "best_train_augmentation_total_loss_unstd": 0.12819811701774597, "best_train_augmentation_num_loss": 0.3958553671836853, "best_train_augmentation_num_mse_loss": 0.3958553671836853, "best_train_augmentation_num_mse_loss_unstd": 0.12819811701774597, "best_train_augmentation_num_loss_unstd": 0.12819811701774597, "best_train_label_total_loss": 0.4009407162666321, "best_train_label_total_loss_unstd": 1.2779449224472046, "best_train_label_num_loss": 0.4009407162666321, "best_train_label_num_mse_loss": 0.4009407162666321, "best_train_label_num_mse_loss_unstd": 1.2779449224472046, "best_train_label_num_loss_unstd": 1.2779449224472046, "best_val_total_loss": 0.17125964164733887, "best_val_label_total_loss": 0.342519074678421, "best_val_label_total_loss_unstd": 1.091733694076538, "best_val_label_num_loss": 0.342519074678421, "best_val_label_num_mse_loss": 0.342519074678421, "best_val_label_num_mse_loss_unstd": 1.091733694076538, "best_val_label_num_loss_unstd": 1.091733694076538, "best_test_total_loss": 0.1430976688861847, "best_test_label_total_loss": 0.28619515895843506, "best_test_label_total_loss_unstd": 0.9122087955474854, "best_test_label_num_loss": 0.28619515895843506, "best_test_label_num_mse_loss": 0.28619515895843506, "best_test_label_num_mse_loss_unstd": 0.9122087955474854, "best_test_label_num_loss_unstd": 0.9122087955474854, "best_tradeoff": 0.4999997037885564, "best_step": 50, "best_epoch": 50, "best_lr": 0.001, "best_checkpoint_time": "6.680", "best_time": 69.32397794723511, "train_total_loss": 0.4081669747829437, "train_augmentation_total_loss": 0.3601798713207245, "train_augmentation_total_loss_unstd": 0.10703743249177933, "train_augmentation_num_loss": 0.3601798713207245, "train_augmentation_num_mse_loss": 0.3601798713207245, "train_augmentation_num_mse_loss_unstd": 0.10703743249177933, "train_augmentation_num_loss_unstd": 0.10703743249177933, "train_label_total_loss": 0.4561540484428406, "train_label_total_loss_unstd": 1.4539300203323364, "train_label_num_loss": 0.4561540484428406, "train_label_num_mse_loss": 0.4561540484428406, "train_label_num_mse_loss_unstd": 1.4539300203323364, "train_label_num_loss_unstd": 1.4539300203323364, "val_total_loss": 0.18392476439476013, "val_label_total_loss": 0.36784934997558594, "val_label_total_loss_unstd": 1.1724705696105957, "val_label_num_loss": 0.36784934997558594, "val_label_num_mse_loss": 0.36784934997558594, "val_label_num_mse_loss_unstd": 1.1724705696105957, "val_label_num_loss_unstd": 1.1724705696105957, "test_total_loss": 0.15332423150539398, "test_label_total_loss": 0.306648313999176, "test_label_total_loss_unstd": 0.977400541305542, "test_label_num_loss": 0.306648313999176, "test_label_num_mse_loss": 0.306648313999176, "test_label_num_mse_loss_unstd": 0.977400541305542, "test_label_num_loss_unstd": 0.977400541305542, "tradeoff": 0.4999997611556115, "step": 45, "epoch": 45, "lr": 0.001, "checkpoint_time": "6.370", "_timestamp": 1713329452.141613, "_runtime": 69.33533310890198, "_step": 45}