{"best_train_total_loss": 0.20427897572517395, "best_train_augmentation_total_loss": 0.3285580575466156, "best_train_augmentation_total_loss_unstd": 1440.757568359375, "best_train_augmentation_num_loss": 0.3285580575466156, "best_train_augmentation_num_mse_loss": 0.3285580575466156, "best_train_augmentation_num_mse_loss_unstd": 1440.757568359375, "best_train_augmentation_num_loss_unstd": 1440.757568359375, "best_train_label_total_loss": 0.08000098913908005, "best_train_label_total_loss_unstd": 0.08000098913908005, "best_train_label_cat_loss": 0.08000098913908005, "best_train_label_cat_accuracy": 0.9673366546630859, "best_train_label_auroc": 0.9944054484367371, "best_val_total_loss": 0.009856291115283966, "best_val_label_total_loss": 0.01971249468624592, "best_val_label_total_loss_unstd": 0.01971249468624592, "best_val_label_cat_loss": 0.01971249468624592, "best_val_label_cat_accuracy": 1.0, "best_val_label_auroc": 1.0, "best_test_total_loss": 0.029344851151108742, "best_test_label_total_loss": 0.05868944525718689, "best_test_label_total_loss_unstd": 0.05868944525718689, "best_test_label_cat_loss": 0.05868944525718689, "best_test_label_cat_accuracy": 0.9736841917037964, "best_test_label_auroc": 0.9980348348617554, "best_tradeoff": 0.49999778477056367, "best_step": 135, "best_epoch": 135, "best_lr": 0.001, "best_checkpoint_time": "36.412", "best_time": 2147.7667350769043, "train_total_loss": 0.1685946136713028, "train_augmentation_total_loss": 0.28254419565200806, "train_augmentation_total_loss_unstd": 1419.7393798828125, "train_augmentation_num_loss": 0.28254419565200806, "train_augmentation_num_mse_loss": 0.28254419565200806, "train_augmentation_num_mse_loss_unstd": 1419.7393798828125, "train_augmentation_num_loss_unstd": 1419.7393798828125, "train_label_total_loss": 0.05464726686477661, "train_label_total_loss_unstd": 0.05464726686477661, "train_label_cat_loss": 0.05464726686477661, "train_label_cat_accuracy": 0.9849246144294739, "train_label_auroc": 0.9977297186851501, "val_total_loss": 0.025967344641685486, "val_label_total_loss": 0.05193418264389038, "val_label_total_loss_unstd": 0.05193418264389038, "val_label_cat_loss": 0.05193418264389038, "val_label_cat_accuracy": 0.9824561476707458, "val_label_auroc": 0.9986772537231445, "test_total_loss": 0.022174185141921043, "test_label_total_loss": 0.044347938150167465, "test_label_total_loss_unstd": 0.044347938150167465, "test_label_cat_loss": 0.044347938150167465, "test_label_cat_accuracy": 0.9736841917037964, "test_label_auroc": 0.9990173578262329, "tradeoff": 0.499995114438364, "step": 200, "epoch": 200, "lr": 0.001, "checkpoint_time": "53.743", "_timestamp": 1713393286.3195982, "_runtime": 2588.4882192611694, "_step": 200}