{"best_train_total_loss": 0.3292667269706726, "best_train_augmentation_total_loss": 0.4289858341217041, "best_train_augmentation_total_loss_unstd": 0.6225786805152893, "best_train_augmentation_num_loss": 0.4289858341217041, "best_train_augmentation_num_mse_loss": 0.4289858341217041, "best_train_augmentation_num_mse_loss_unstd": 0.6225786805152893, "best_train_augmentation_num_loss_unstd": 0.6225786805152893, "best_train_label_total_loss": 0.22954782843589783, "best_train_label_total_loss_unstd": 0.11649888753890991, "best_train_label_num_loss": 0.22954782843589783, "best_train_label_num_mse_loss": 0.22954782843589783, "best_train_label_num_mse_loss_unstd": 0.11649888753890991, "best_train_label_num_loss_unstd": 0.11649888753890991, "best_val_total_loss": 0.03047032654285431, "best_val_label_total_loss": 0.06094059348106384, "best_val_label_total_loss_unstd": 0.030928244814276695, "best_val_label_num_loss": 0.06094059348106384, "best_val_label_num_mse_loss": 0.06094059348106384, "best_val_label_num_mse_loss_unstd": 0.030928244814276695, "best_val_label_num_loss_unstd": 0.030928244814276695, "best_test_total_loss": 0.4394177496433258, "best_test_label_total_loss": 0.8788346648216248, "best_test_label_total_loss_unstd": 0.4460214674472809, "best_test_label_num_loss": 0.8788346648216248, "best_test_label_num_mse_loss": 0.8788346648216248, "best_test_label_num_mse_loss_unstd": 0.4460214674472809, "best_test_label_num_loss_unstd": 0.4460214674472809, "best_tradeoff": 0.4999994946764249, "best_step": 65, "best_epoch": 65, "best_lr": 0.001, "best_checkpoint_time": "144.599", "best_time": 2070.0532319545746, "train_total_loss": 0.3292667269706726, "train_augmentation_total_loss": 0.4289858341217041, "train_augmentation_total_loss_unstd": 0.6225786805152893, "train_augmentation_num_loss": 0.4289858341217041, "train_augmentation_num_mse_loss": 0.4289858341217041, "train_augmentation_num_mse_loss_unstd": 0.6225786805152893, "train_augmentation_num_loss_unstd": 0.6225786805152893, "train_label_total_loss": 0.22954782843589783, "train_label_total_loss_unstd": 0.11649888753890991, "train_label_num_loss": 0.22954782843589783, "train_label_num_mse_loss": 0.22954782843589783, "train_label_num_mse_loss_unstd": 0.11649888753890991, "train_label_num_loss_unstd": 0.11649888753890991, "val_total_loss": 0.03047032654285431, "val_label_total_loss": 0.06094059348106384, "val_label_total_loss_unstd": 0.030928244814276695, "val_label_num_loss": 0.06094059348106384, "val_label_num_mse_loss": 0.06094059348106384, "val_label_num_mse_loss_unstd": 0.030928244814276695, "val_label_num_loss_unstd": 0.030928244814276695, "test_total_loss": 0.4394177496433258, "test_label_total_loss": 0.8788346648216248, "test_label_total_loss_unstd": 0.4460214674472809, "test_label_num_loss": 0.8788346648216248, "test_label_num_mse_loss": 0.8788346648216248, "test_label_num_mse_loss_unstd": 0.4460214674472809, "test_label_num_loss_unstd": 0.4460214674472809, "tradeoff": 0.4999994946764249, "step": 65, "epoch": 65, "lr": 0.001, "checkpoint_time": "144.599", "_timestamp": 1718683637.204289, "_runtime": 2077.10559797287, "_step": 65, "_wandb": {"runtime": 2163}}