{"best_train_total_loss": 0.7397457361221313, "best_train_augmentation_total_loss": 0.8666279315948486, "best_train_augmentation_total_loss_unstd": 15818.3193359375, "best_train_augmentation_num_loss": 0.8666279315948486, "best_train_augmentation_num_mse_loss": 0.8666279315948486, "best_train_augmentation_num_mse_loss_unstd": 15818.3193359375, "best_train_augmentation_num_loss_unstd": 15818.3193359375, "best_train_label_total_loss": 0.6128635406494141, "best_train_label_total_loss_unstd": 0.6128635406494141, "best_train_label_cat_loss": 0.6128635406494141, "best_train_label_cat_accuracy": 0.6884422302246094, "best_train_label_auroc": 0.9783244132995605, "best_val_total_loss": 0.2973158061504364, "best_val_label_total_loss": 0.5946316123008728, "best_val_label_total_loss_unstd": 0.5946316123008728, "best_val_label_cat_loss": 0.5946316123008728, "best_val_label_cat_accuracy": 0.8070175647735596, "best_val_label_auroc": 0.9960317611694336, "best_test_total_loss": 0.305279016494751, "best_test_label_total_loss": 0.610558032989502, "best_test_label_total_loss_unstd": 0.610558032989502, "best_test_label_cat_loss": 0.610558032989502, "best_test_label_cat_accuracy": 0.7017543911933899, "best_test_label_auroc": 0.9950868487358093, "best_tradeoff": 0.4999999980260791, "best_step": 5, "best_epoch": 5, "best_lr": 0.001, "best_checkpoint_time": "39.241", "best_time": 39.24974584579468}