{"best_train_total_loss": 0.7172026038169861, "best_train_augmentation_total_loss": 0.4121544063091278, "best_train_augmentation_total_loss_unstd": 0.13409839570522308, "best_train_augmentation_num_loss": 0.4121544063091278, "best_train_augmentation_num_mse_loss": 0.4121544063091278, "best_train_augmentation_num_mse_loss_unstd": 0.13409839570522308, "best_train_augmentation_num_loss_unstd": 0.13409839570522308, "best_train_label_total_loss": 1.022250771522522, "best_train_label_total_loss_unstd": 3.2582876682281494, "best_train_label_num_loss": 1.022250771522522, "best_train_label_num_mse_loss": 1.022250771522522, "best_train_label_num_mse_loss_unstd": 3.2582876682281494, "best_train_label_num_loss_unstd": 3.2582876682281494, "best_val_total_loss": 0.6534963250160217, "best_val_label_total_loss": 1.3069926500320435, "best_val_label_total_loss_unstd": 4.16586446762085, "best_val_label_num_loss": 1.3069926500320435, "best_val_label_num_mse_loss": 1.3069926500320435, "best_val_label_num_mse_loss_unstd": 4.16586446762085, "best_val_label_num_loss_unstd": 4.16586446762085, "best_test_total_loss": 0.5294797420501709, "best_test_label_total_loss": 1.0589594841003418, "best_test_label_total_loss_unstd": 3.3752918243408203, "best_test_label_num_loss": 1.0589594841003418, "best_test_label_num_mse_loss": 1.0589594841003418, "best_test_label_num_mse_loss_unstd": 3.3752918243408203, "best_test_label_num_loss_unstd": 3.3752918243408203, "best_tradeoff": 0.4999999980260791, "best_step": 5, "best_epoch": 5, "best_lr": 0.001, "best_checkpoint_time": "225.262", "best_time": 225.28203701972961, "_wandb": {"runtime": 511}, "train_total_loss": 0.7172026038169861, "train_augmentation_total_loss": 0.4121544063091278, "train_augmentation_total_loss_unstd": 0.13409839570522308, "train_augmentation_num_loss": 0.4121544063091278, "train_augmentation_num_mse_loss": 0.4121544063091278, "train_augmentation_num_mse_loss_unstd": 0.13409839570522308, "train_augmentation_num_loss_unstd": 0.13409839570522308, "train_label_total_loss": 1.022250771522522, "train_label_total_loss_unstd": 3.2582876682281494, "train_label_num_loss": 1.022250771522522, "train_label_num_mse_loss": 1.022250771522522, "train_label_num_mse_loss_unstd": 3.2582876682281494, "train_label_num_loss_unstd": 3.2582876682281494, "val_total_loss": 0.6534963250160217, "val_label_total_loss": 1.3069926500320435, "val_label_total_loss_unstd": 4.16586446762085, "val_label_num_loss": 1.3069926500320435, "val_label_num_mse_loss": 1.3069926500320435, "val_label_num_mse_loss_unstd": 4.16586446762085, "val_label_num_loss_unstd": 4.16586446762085, "test_total_loss": 0.5294797420501709, "test_label_total_loss": 1.0589594841003418, "test_label_total_loss_unstd": 3.3752918243408203, "test_label_num_loss": 1.0589594841003418, "test_label_num_mse_loss": 1.0589594841003418, "test_label_num_mse_loss_unstd": 3.3752918243408203, "test_label_num_loss_unstd": 3.3752918243408203, "tradeoff": 0.4999999980260791, "step": 5, "epoch": 5, "lr": 0.001, "checkpoint_time": "225.262", "_timestamp": 1713470277.386318, "_runtime": 232.99371886253357, "_step": 5}